	Electrical energy used	Regeneration energy used	Electrical energy savings	Borefield depth	Borefield depth reduction	Borefield cost reduction	NPV savings	NPV revenue	NPV all sold
Base case	4930466.6964853415	0.0	0.0	180.0988877234143	0.0	0.0	0.0	0.0	0.0
th 8.5	4829152.156937714	410588.6310873204	101314.53954762779	200.27208305918208	-20.173195335767787	-85433.48224697656	15041.302102879907	436510.5233549011	512247.7754554553
th 8.7	4845428.427055903	321100.9356919746	85038.26942943875	198.91198028372514	-18.81309256031085	-79673.44699291645	12674.11074012403	453017.4396036692	512247.7754554553
th 8.9	4859762.535361608	250508.6117865072	70704.16112373397	196.91084449044013	-16.811956767025833	-71198.6369083544	10574.664787675816	466038.9122582674	512247.7754554553
th 9.1	4875759.785239003	182807.95059507023	54706.91124633886	193.50015687567273	-13.401269152258436	-56754.37485981448	8200.57589213451	478526.9882930362	512247.7754554553
th 9.3	4888724.542374984	124299.05997640724	41742.154110357165	191.7682875373566	-11.669399813942306	-49419.908212045666	6310.999406185117	489319.54868900817	512247.7754554553
th 9.5	4898535.875595861	80548.45972872751	31930.820889480412	190.67284771900825	-10.573959995593952	-44780.720581340385	4888.561138402917	497389.7922116654	512247.7754554553
th 9.7	4909572.752077738	54017.202141806934	20893.944407603703	186.58198505436846	-6.483097330954166	-27455.917196590894	3175.2046352634547	502283.75271681615	512247.7754554553
th 9.9	4913517.597741173	40164.60062629029	16949.098744168878	185.79613892398217	-5.697251200567877	-24127.858834404957	2591.1826947854884	504839.006062363	512247.7754554553
th 10.1	4924271.01650861	29283.75357844845	6195.679976731539	180.30169153349195	-0.20280381007765413	-858.8741356788653	841.7145110744069	506846.0890489222	512247.7754554553
th 10.3	4926114.546965652	22554.248660403104	4352.149519689381	180.06403025523136	0.03485746818293478	147.6213777547288	572.6932471971126	508087.41472601227	512247.7754554553
